230343,[B] Le ministère de l'é...,[C] Le ministère de la ...,[A] Le ministère de l'é...
238283,[C] Le ministère de la ...,[B] Le ministère de l'é...,[A] Le ministère de l'é...
255241,[A] Le ministère de l'é...,[C] Le ministère de la ...,[B] Le ministère de l'é...
273696,[A] Le ministère de l'é...,[B] Le ministère de l'é...,[C] Le ministère de la ...
343291,[A] Le ministère de l'é...,[B] Le ministère de l'é...,[C] Le ministère de la ...
457870,[C] Le ministère de la ...,[A] Le ministère de l'é...,[B] Le ministère de l'é...
535984,[A] Le ministère de l'é...,[C] Le ministère de la ...,[B] Le ministère de l'é...
596397,[B] Le ministère de l'é...,[A] Le ministère de l'é...,[C] Le ministère de la ...
797745,[B] Le ministère de l'é...,[C] Le ministère de la ...,[A] Le ministère de l'é...
877560,[A] Le ministère de l'é...,[C] Le ministère de la ...,[B] Le ministère de l'é...
920130,[B] Le ministère de l'é...,BLANC,BLANC
988213,BLANC,BLANC,BLANC

